referencia;numero;data_vigencia_inicial;data_vigencia_final;Cliente (Razão Social);cnpj_cpf_cliente;codigo_banco_conta;codigo_forma_pagamento;servicos.complemento;servicos.referencia;dia_vencimento;data_primeiro_vencimento;observacao_nao_fiscal;servicos.valor_unitario;servicos.quantidade;codigo_vendedor;situacao;recorrencia;tipo_faturamento;indice_reajuste
2020/00094;2020/00094;01/03/2007;31/12/2021;ABC ARTEFATOS DE BORRACHA COELHO LTDA;18.422.469/0001-84;2;5;Serviço Mensal  de PCM Sigma;1;10;10/10/2024;ENVIADO EMAIL 22/06/2021 AGUARDANDO ADENDO ASSINADO. ajustar data do adendo valor já está sendo cobrado.  **alterei data de vigencia 01/03/2009 para 31/12/2021 - Omie não estava faturando - Mari  * ultima cobrança fiz proporcional aos dias prestados de 04/07 a 28/07  24 dias de serviço 446,60/30 = 14,88 * 20 dias = 297,73 -  FOI COBRADO INTEGRAL! NOTA 872;446,6;1;1;1;1;0;0
2020/00097;2020/00097;01/01/2013;14/10/2024;AÇOTUBO IND E COM;43.919.968/0001-29;2;5;Serviço Mensal  de PCM Sigma;1;10;10/10/2024;Adendo enviado em 22/06/2021.  valor já está sendo cobrado ajustar data quando o adendo chegar. vigencia 01/07/2015 alterei para 31/12/2021 alterado em 01/10 email Tamires reajustes do mês;1356,34;1;1;1;1;0;0
2024/00005;2024/00005;05/04/2024;09/10/2024;AÇOTUBO IND E COM;43.919.968/0001-29;2;5;Serviços prestados- plataforma BI cobrança mensal;1;10;10/10/2024;o ver pois tinha contrato de apenas 6 meses e nao retornou do reajuste no omie tinha apenas 3 meses;630;1;1;1;1;0;0
2020/00031;2020/00031;01/01/2013;31/12/2022;AÇOTUBO INDÚSTRIA E COMÉRCIO LTDA;43.919.968/0018-77;2;5;Serviço Mensal  de PCM Sigma;1;10;10/10/2024;N/D;1084,59;1;1;1;1;0;0
2020/00084;2020/00084;07/07/2017;11/11/2023;AGRODANIELI INDUSTRIA E COMERCIO LTDA;02.990.334/0001-85;2;5;Contrato  de Manutenção Plano Básico (12meses);1;10;10/10/2024;Reajuste indice IGPM Anual ENVIADO EMAIL 22/06/2021 AGUARDANDO ADENDO ASSINADO e ajustar data, cliente já está pagando valor do reajuste RECEBIDO EM 20/07/2021;563,79;1;1;1;1;0;0
2020/00050;2020/00050;14/01/2016;14/09/2024;ALCAPLAS INDUSTRIA DE PLASTICOS LTDA;03.943.986/0001-21;2;5;Manutenção Kit Mensal Básico;1;10;10/10/2024;Reajuste anual indice IGPM REAJUSTE SEM ADENDO 01/09/2021 CONF. EMAIL - AGUARADA ADENDO;759,54;1;1;1;1;0;0
2020/00026;2020/00026;04/04/2016;27/09/2025;ALUMBRA PRODUTOS ELETRICOS E ELETRONICOS LTDA;59.114.777/0001-20;2;5;Serviço Mensal  de PCM Sigma;1;10;10/10/2024;Adendo enviado em 22/06/2021 , cliente já está pagando valor do reajuste, aguardar adendo e mudar a data, Reajuste anual indice IGPM **Alterei data de vigencia de 27/10/2019 a 31/12/20219 - Omie naõ faturava Mari REAJUSTE SEM ADENDO 01/09/2021 CONF. EMAIL - AGUARDA ADENDO;608,32;1;1;1;1;0;0
2021/00020;2021/00020;19/04/2021;19/04/2024;AMIL MONTAGEM INDUSTRIAL LTDA;05.679.417/0001-46;2;5;Serviços prestados - 01 usuário Saas;1;10;10/10/2024;Reajuste Anual indice IPCA alterado vigencia de 19/10/2021 para 19/04/2022 email Tamires 10/09, cliente tem vigencia de 24 meses;300,87;1;1;1;1;0;0
2020/00058;2020/00058;26/09/2022;26/09/2024;ANGELO AURICCHIO & CIA LTDA;62.598.586/0008-61;2;5;Contrato de Manutenção Plano Master;1;10;10/10/2024;Reajuste anual indice IGPM adendo em 27/02/2022 novo valor 647,36 - email Tamires em 06/01/2022. Mudar em 01/03/2022 nova cobrança;682,5;1;1;1;1;0;0
2020/00078;2020/00078;06/03/2020;05/03/2022;ANS IMPRESSOES GRAFICAS LTDA;05.677.050/0001-21;2;5;Serviço Mensal  de PCM Sigma;1;10;10/10/2024;Vencimento sempre dia 10 do mês Reajuste anual indice IPCA Recebido distrato por correio em 03/09 - data distrato 07/2021, faturamos até 09/2021.;228,8;1;1;1;1;0;0
2020/00052;2020/00052;12/09/2019;13/10/2024;APERAM INOX AMERICA DO SUL S A;33.390.170/0018-27;2;5;Sistema SIGMA PDCA SAAS;1;10;10/10/2024;Reajuste anual indice IPCA - 10/2021 * email Tamires, tem novo contrato, alterei vigencia conforme ela passou para 23/03/2022;906;1;1;1;1;0;0
2020/00072;2020/00072;12/09/2019;13/10/2024;APERAM INOX TUBOS BRASIL LTDA;04.335.855/0001-24;2;5;SIGMA SaaS Padrão;1;10;10/10/2024;VENCIMENTO TERÇAS E QUINTAS, ENVIAR XML. Código do Fornecedor 329303  Reajuste anual indice IPCA *alterei vigencia de 14/10/21 para 23/03/22 Tamires enviou email em 10/09/2021. Cliente mandou email em 10/01/2022 solicitando cancelamento e novo valor reajustado da nota 012022, Tamires enviou email notificando que devo considerar a nota de 022022 reajustado.;906;1;1;1;1;0;0
2020/00033;2020/00033;27/07/2016;10/09/2025;ART LASER GRAFICA E EDITORA LTDA;67.111.245/0001-67;2;5;Serviço Mensal  de PCM Sigma;1;10;10/10/2024;alterado vigencia de 10/09/2020 para 10/09/2022 eamil Tamires 10/09, cliente tem vigencia de 24 meses;865,68;1;1;1;1;0;0
2021/00012;2021/00012;22/03/2023;17/03/2025;ASSOCIACAO DOS TERMINAIS DO CORREDOR DE EXP DE PARANAGUA;24.294.171/0001-39;2;5;Processamento e armazenamento de dados - 02 usuários Pgto ANUAL conforme contrato;1;10;10/10/2024;Pagamento anual - nf 207 e 438 Sem contrato de manutenção. Somente usuários - 02  Reajuste anual índice IPCA REAJUSTADO 18/03/2022 renovar para 4 usuarios em 2025 e rever valor;5695,11;1;1;1;1;0;0
2024/00001;2024/00001;10/01/2024;10/01/2030;ASSOCIACAO DOS TERMINAIS DO CORREDOR DE EXP DE PARANAGUA;24.294.171/0001-39;3;5;ativação de segurança;1;10;10/10/2024;N/D;2304;1;1;1;1;0;0
2020/00034;2020/00034;16/08/2018;31/05/2021;ATLAS INDÚSTRIA DE ELETRODOMÉSTICOS LTDA;78.242.849/0001-69;2;5;Licenciamento SaaS SIGMA PDCA;1;10;10/10/2024;Pagamento sempre dia 05 do mês, porém efetuam pagamento apenas nas terças-feiras, colocar vencimento na próxima terça, após dia 05;1191,61;1;1;1;1;0;0
2020/00001;2020/00001;01/11/2017;01/11/2021;AUTOMATSMART LTDA ME;23.850.163/0001-69;2;5;Serviços prestados SIGMA Saas Padrão;1;10;10/10/2024;N/D;940,24;1;1;1;1;0;0
2020/00007;2020/00007;01/11/2017;04/09/2024;AUTOMATSMART LTDA ME;23.850.163/0001-69;2;5;Serviços prestados SIGMA Saas Padrão;1;10;10/10/2024;Reajuste anual indice IPCA REAJUSTE SEM ADENDO 01/09/2021 CONF. EMAIL - AGUARDA ADENDO;1197,98;1;1;1;1;0;0
2021/00021;2021/00021;23/04/2021;22/04/2023;AVETEC INDUSTRIA E COMERCIO DE ALIMENTOS LTDA;08.955.086/0001-18;3;5;Serviços prestados referente a 01 (um) usuário Saas;1;10;10/10/2024;Reajuste anual índice IPCA;2247,72;1;1;1;1;0;0
2021/00018;2021/00018;31/03/2021;06/10/2022;BARCELOS VAREJO E ATACADO LTDA;41.030.835/0001-71;3;5;Serviços prestados;1;10;10/10/2024;Reajuste anual indice IPCA;3528,52;1;1;1;1;0;0
2020/00008;2020/00008;18/03/2015;20/03/2025;BELLO ALIMENTOS LTDA;08.201.770/0001-04;2;5;Sistema SIGMA PDCA SAAS Pagamento mediante deposito bancário Banco Itaú Ag 6383 CC 14169-1;1;10;10/10/2024;Reajuste anual indice IPCA ENVIADO EMAIL 23/06/2021 AGUARDAR ADENDO ASSINADO ALESSANDRA ESTÁ VENDO **Alterei a data no OMIE de 14/06/201 para 31/12/2021 - omie não estava faturando *Reajuste autorizado Sr. Abrahao email Tamires em 10/08/2021 ajustado antes de cliente assinar o adendo;4031,16;1;1;1;1;0;0
2020/00035;2020/00035;18/02/2020;18/02/2025;BIOTEC CONTROLE AMBIENTAL COMERCIO E SERVIÇOS DE AR CONDICI;13.499.467/0001-70;2;5;Sistema SIGMA PDCA SAAS;1;10;10/10/2024;em 19/01 -mudei vigencia de 10/01/22 para 18/02/22 igual Tamires.;1664,62;1;1;1;1;0;0
2020/00021;2020/00021;16/09/2002;16/09/2025;CAETE S/A;88.059.654/0001-31;2;5;Serviço Mensal  de PCM Sigma;1;10;10/10/2024;ADENDO ENVIADO 23/06/2021, CLIENTE JÁ ESTÁ PAGANDO VALOR DO REAJUSTE ALTERAR DATA DA VIGÊNCIA. Ajustar valor anualmente índice IGPM REENVIADO TAMIRES alterei vigencia e 16/03/2021 para 31/12/2021 não estava faturando - Mari REAJUSTE SEM ADENDO 01/09/2021 CONF. EMAIL - AGUARDA ADENDO;272,26;1;1;1;1;0;0
2020/00025;2020/00025;04/01/2017;01/12/2021;CARL ZEISS VISION BRASIL IND. OPTICA LTDA;28.826.394/0009-08;2;5;Serviço Mensal  de PCM Sigma;1;10;10/10/2024;a Nf deve conter o numero da ordem de compra PO221193, Pagamentos somente nos dias 16 e 30 de cada mês;431,2;1;1;1;1;0;0
2020/00039;2020/00039;04/06/2013;13/10/2024;CASTELO ALIMENTOS LTDA;07.814.284/0001-07;2;5;Serviço Mensal  de PCM Sigma;1;10;10/10/2024;adendo enviado em 23/06/2021, CLIENTE JÁ ESTÁ PAGANDO VALOR DO REAJUSTE FALTA ASSINATURA Reajuste anual indice IGPM **Alterei data de vigencia de 04/12/2015 a 31/12/20219 - Omie não faturava Mari adendo recebido por emial em 21/09/2021 ja inclui reajuste para 10/2021.;1359,91;1;1;1;1;0;0
2020/00100;2020/00100;09/10/2020;17/05/2025;CETEST RIO LTDA;39.128.525/0001-42;2;5;Serviço Manutenção Mensal  de PCM Sigma PDCA;1;10;10/10/2024;ÚLTIMO ADENDO NÃO FOI FEITO REAJUSTE. Reajuste anual indice a SINAPI  alterado vigencia conforme Tamires passou email em 10/09/201 de 09/10/21 a 17/05/2022;636,95;1;1;1;1;0;0
2020/00079;2020/00079;10/08/2017;25/03/2025;CIPATEX IMPREGNADORA DE PAPEIS E TECIDOS LTDA;47.254.461/0022-89;2;5;Serviço Mensal  de PCM Sigma;1;10;10/10/2024;Vencimento 30 dias após emissão da NF Reajuste anual indice IGPM;1830,81;1;1;1;1;0;0
2020/00017;2020/00017;01/04/2018;06/08/2023;CLIMAZON INDUSTRIAL LTDA;04.222.931/0001-95;2;5;Licenciamento SaaS SIGMA PDCA;1;10;10/10/2024;Valor reajustado, adendo enviado em 16/03. Atualizar valor ao receber adendo. Ao termino da vigência fazer novo adendo com prorrogação da data e alteração de valor- valor calculado por eliana - reenviado Tamires Alterei data vigência contrato OMIE 01/10/2020 para 31/12/2021 - MARI *Reajuste autorizado Sr. Abrahao email Tamires em 10/08/2021 ajustado antes de cliente assinar o adendo;1767,07;1;1;1;1;0;0
2020/00015;2020/00015;11/05/2007;08/09/2024;CMPC IGUAÇU EMBALAGENS LTDA.;11.308.600/0001-38;2;5;Serviço Mensal  de PCM Sigma pedido: Nº 3500017156;1;10;10/10/2024;Reajuste anual indice IGPM ENVIADO ADENDO 25/06 - AGUARDANDO RETORNO DO CLIENTE, reajuste calculado por tamires e margareth alterei VIGENCIA DE 20/11/20216 PARA 31/12/2021 não estava faturando no OMIE mari *Reajuste autorizado Sr. Abrahao email Tamires em 10/08/2021 ajustado antes de cliente assinar o adendo;2089,39;1;1;1;1;0;0
2020/00091;2020/00091;22/07/2015;22/09/2024;CONCRELAGOS CONCRETO LTDA;07.015.016/0001-17;2;5;Serviço Mensal  de PCM Sigma;1;10;10/10/2024;indice IGPM;1425,76;1;1;1;1;0;0
2021/00030;2021/00030;09/09/2016;01/06/2023;CONDOMINIO GERAL DO MILLENNIUM CENTER;07.119.723/0001-53;3;5;SISTEMA ENTERPRESI SAAS - APP ANDROID E WEB 2 USUARIOS;1;10;10/10/2024;Cliente antigo de 2015 - pandemia suspendeu contrato retomando em 01/06/2021 adendo anexo até 31/05/2022 não pode ser renovado não tem indice de reajuste;642,2;1;1;1;1;0;0
2020/00068;2020/00068;25/05/2018;24/07/2025;CONDOMÍNIO BARRA;16.275.232/0001-92;2;5;Contrato de Manutenção Kit mensal VIP (12 meses);1;10;10/10/2024;Reajuste anual indice  IGPM  **alterei data de vigencia 25/07/2021 para 31/12/2021 - Omie não estava faturando - Mari - Reajustado em25/07/2021  falta receber  o adendo assinado, ja tem email do cliente com aceite - ADENDO 08/09/2021 RECEBIDO;934,52;1;1;1;1;0;0
2020/00055;2020/00055;01/10/2016;01/10/2021;CONDOMÍNIO EDILICIO DO AMÉRICAS SHOPPING;20.748.818/0001-02;2;5;Contrato de Manutenção;1;10;10/10/2024;Adendo enviado em 12/01/2021 - 458,47 (sem retorno)  Reajustar valor em 09/2021 - referente a 2020/2021 - base valor 350,00 índice IGPM **Alterei data de vigencia de 01/04/2021 a 31/12/20219 - Omie não faturava Mari *Reajuste autorizado Sr. Abrahao email Tamires em 10/08/2021 ajustado antes de cliente assinar o adendo PEDIDO DE CANCELAMENTODO CLIENTE EM 31/08 CONFORME DISTRATO EM ANEXO, ULTIMO MES FATURADO 092021 Cancelada nota 932 com reajuste e faturada nota de SETEMBRO para distrato no valor de 350,00, conforme email 13/09/2021 Mari/ Tamires/Tania.;350;1;1;1;1;0;0
2020/00037;2020/00037;01/01/2014;30/09/2023;CONDOMÍNIO EDILICIO PÁTIO BELÉM;84.154.160/0001-85;3;5;Serviço Mensal  de PCM Sigma;1;10;10/10/2024;Reajuste anual indice IGPM Adendo recebido em 22/09 email em anexo- 36 meses de 2019 a 2021;493,43;1;1;1;1;0;0
2020/00082;2020/00082;07/10/2016;12/01/2023;CONDOMINIO MINAS SHOPPING;65.162.380/0001-06;2;5;Contrato de Manutenção Plano Master;1;10;10/10/2024;Cliente recebe nf's o máximo até dia 20 de cada mês Reajuste anual indice IGPM calculado por tamires e margareth- enviado adendo dia 25/06  mudar vigência final e valor **alterei data de vigencia 07/10/2020  para 31/12/2021 - Omie não estava faturando - Mari *Reajuste autorizado Sr. Abrahao email Tamires em 10/08/2021 ajustado antes de cliente assinar o adendo Em 16/01/22 Tamires solicitou faturar o valor que já estamos faturando 584,33, por email retificou novo valor 688,86;688,86;1;1;1;1;0;0
2020/00051;2020/00051;15/03/2013;12/05/2022;CONDOMINIO SHOPPING BELA VISTA;14.919.379/0001-42;2;5;Serviço Mensal de PCM Sigma (Plano Master);1;10;10/10/2024;CONTRATO SUSPENSO 03/2021 - PANDEMIA (COVID) fica suspensa a prestação dos serviços por parte da Contratada desde 01/03/2021 até nova comunicação do empreendimento, e suspensos os pagamentos por parte da Contratante.;850;1;1;1;1;0;0
2020/00056;2020/00056;01/10/2014;31/08/2023;CONDOMINIO SHOPPING CENTER LAPA;01.143.325/0001-96;2;5;Contrato de Manutenção;1;10;10/10/2024;solicitação de desconto. concedido 30%  em 03/2021 adendo enviado dia 24/06- cliente já está pagando valor do reajuste. REAJUSTE SEM ADENDO 01/09/2021 CONF. EMAIL - AGUARADA ADENDO adendo recebido 03/09/2021;589,05;1;1;1;1;0;0
2020/00006;2020/00006;20/11/2018;01/09/2025;COOPERATIVA DOS PRODUTORES RURAIS DO PRATA LTDA;24.021.677/0001-74;2;5;Mensalidade Licença SIGMA SAAS;1;10;10/10/2024;Reajustar anualmente indice IPCA Notificação de alteração em 06/09/2021 - adendo anexado drive em 31/08/2021 - alterado OMIE em 09/09/2021 com adendo anexado já reajuste para 1.377,09;1633,5;1;1;1;1;0;0
2021/00006;2021/00006;10/02/2021;10/05/2025;COMPANHIA OPERADORA PORTUARIA DO ITAQUI;04.784.802/0001-90;2;5;Serviços prestados;1;10;10/10/2024;N/D;1938,23;1;1;1;1;0;0
2021/00028;2021/00028;13/04/2021;13/04/2024;HIGIE PLUS COTTONBABY INDUSTRIA E COMERCIO LTDA;95.837.316/0001-49;2;5;Serviços prestados 02 USUARIO SAAS;1;10;10/10/2024;Contrato anual Reajuste anual indice IPCA;483,78;1;1;1;1;0;0
2020/00038;2020/00038;18/11/2014;18/09/2025;DAL MOBILE LTDA;89.042.618/0001-28;2;5;Serviço Mensal;1;10;10/10/2024;Reajuste anual indice IGPM REAJUSTE  01/09/2021 SEM ADENDO ASSINADO CONF EMAIL;713,59;1;1;1;1;0;0
2020/00067;2020/00067;13/03/2017;31/12/2021;DBL INDUSTRIA E COMERCIO DE BEBIDAS E EMBALAGENS LTDA;04.680.660/0001-11;2;5;Contrato  de Manutenção Plano Básico COBRANÇA DISTRATO - CONFORME CLAUSULA 7.4 CONTRATO  NOTIFICAÇÃO 22/10/2021 cobrança proporcional de 01/11/2021a a 22/11/2021;1;10;10/10/2024;enviado 25/06 adendo, cliente já está pagando o valor do reajuste falta assinatura **alterei a data de vigencia de  13/03/20219 para 31/12/2021 OMIE não estava faturando - Mari  Bom dia Mariângela,  Como o aviso da rescisão foi feito em 22/10, podem cobrar proporcional até a data de 22/11. DR Aline  Origiunal 562,68 proporcional 405,30, ver se cliente reclama, faturei total.;405,3;1;1;1;1;0;0
2021/00014;2021/00014;14/04/2021;16/12/2024;DENGO CHOCOLATES S.A.;23.244.006/0001-00;2;5;Processamento e armazenamento de dados - Saas 01 usuários  Aditivo em 16/12/2021 - 04 horas para manutenção (apenas consultoria e suporte) Pedido de Compra PC 47577;1;10;10/10/2024;Reajuste anual índice IPCA Alterei o numero de OC conforme solicitação cliente me 13/10/2021 aditivo em 12/2021 = Novo valor: 802,00 Fatura com 30 dias de prazo (conforme política interna do cliente) em 16/12/2021 mudou de 02 para 01 usuário e aumentou horas para 04 horas.;842,1;1;1;1;1;0;0
2020/00046;2020/00046;07/10/2019;28/10/2022;DP1 RESTAURANTE LTDA;24.840.166/0001-84;3;5;Contrato de Manutenção;1;10;10/10/2024;Reajustar em 10/2021 Reajuste anual indice IGPM Reajuste Tamires por email em 30/09/2021;888,99;1;1;1;1;0;0
2021/00026;2021/00026;06/05/2021;06/05/2022;EGS ELEVADORES EIRELI;05.379.701/0001-05;2;5;Serviços prestados - 01 usuário Saas;1;10;10/10/2024;Reajuste anual indice IPCA EM 19/01/21 devido a falta de pagamento estamos enviando o distrato contratual com 50% de multa do valor restante do contrato ainda vigente, aguardando seu retorno. O valor poderá ser pago via depósito bancário até 31/01/2022, sem nada mais a declarar.;242,42;1;1;1;1;0;0
2023/00003;2023/00003;25/08/2023;25/08/2025;ELIT INDUSTRIA DE TINTAS E REVESTIMENTOS LTDA;22.038.548/0001-63;2;5;Serviços prestados;1;10;10/10/2024;N/D;591,84;1;1;1;1;0;0
2024/00013;2024/00013;08/08/2024;08/08/2025;ESSENCIS BIOMETANO S.A.;48.119.972/0001-26;2;5;Serviços prestados- contrato de manutenção 120 horas;1;10;10/10/2024;Contrato vence no mes 08 pois a instalação nao foi procedida no periodo correto devido a pagamento do cliente inicio seria 08/07/2024;1850;1;1;1;1;0;0
2020/00044;2020/00044;18/03/2020;19/03/2022;ESTALEIROS DO BRASIL LTDA;09.628.613/0001-42;2;5;Contrato de Suporte Mensal ( Plano Vip);1;10;10/10/2024;24/06 enviado minuta,  quando receber mudar valor e vigencia final *Reajuste autorizado Sr. Abrahao email Tamires em 10/08/2021 ajustado antes de cliente assinar o adendo ** ESTE CLIENTE NÃO TEM CONTRATO, SOMENTE UMA  OP EM ANEXO  CLIENTE NÃO ACEITOU REAJUSTE: Foi emitida nota 997 com reajuste, não tive mais como cancelar, então concedido desconto em deposito r$ 367,21. Favor cancelar NF 1105 e emitir uma nova nota com o valor correto de R$ 1.122,00 Envio em anexo a PO do cliente com assinatura do Abrahão concordando com o aumento da vigência para 24 meses.;1122;1;1;1;1;0;0
2020/00073;2020/00073;02/05/2019;01/05/2025;FABRICA DE ARTEFATOS DE LATEX SAO ROQUE LTDA;70.939.574/0001-05;2;5;Licenciamento SaaS SIGMA PDCA;1;10;10/10/2024;vencimento sempre no dia 29. Reajustado em 03/2021 Reajuste anual indice IPCA;3498,12;1;1;1;1;0;0
2020/00029;2020/00029;11/10/2013;10/09/2025;FABRICA DE MOVEIS FLORENSE;89.962.294/0001-46;2;5;Serviço Mensal  de PCM Sigma;1;10;10/10/2024;Reajuste anual indice IGPM REAJUSTE SEM ADENDO 01/09/2021 CONF. EMAIL - AGUARADA ADENDO;759,54;1;1;1;1;0;0
2021/00025;2021/00025;27/04/2021;27/04/2023;SILVANIA CHAVES RODRIGUES BILATO 30876159862;17.628.648/0001-00;2;5;Serviços prestados - 01 usuário Saas;1;10;10/10/2024;Reajuste anual indice IPCA  boleto 30 e 60 dias;1959,26;1;1;1;1;0;0
2022/00001;2022/00001;02/05/2022;02/05/2023;SILVANIA CHAVES RODRIGUES BILATO 30876159862;17.628.648/0001-00;3;5;Serviços prestados SISTEMA GERENCIAL DE MANUTENÇÃO SAAS;1;10;10/10/2024;RENOVAÇÃO DE ADENDO;2180,65;1;1;1;1;0;0
2020/00065;2020/00065;26/06/2019;19/05/2025;Fitas Flax da Amazonia Ltda;07.169.868/0001-69;2;5;Contrato de suporte técnico SIGMA;1;10;10/10/2024;Reajuste anual indice IGPM enviado adendo 24/06, alterar vigência final e valor. valor do reajuste calculado por eliane Alterei data omie de 26/06/2021 para 31/12/2021 OMIE NÃO ESTAVA FATURANDO *Reajuste autorizado Sr. Abrahao email Tamires em 10/08/2021 ajustado antes de cliente assinar o adendo;651,49;1;1;1;1;0;0
2020/00074;2020/00074;15/08/2018;14/08/2021;FMB PLASTICOS INDUSTRIAIS LTDA;23.842.762/0001-30;2;5;Licenciamento SaaS SIGMA PDCA;1;10;10/10/2024;N/D;1085,29;1;1;1;1;0;0
2021/00016;2021/00016;26/03/2021;06/09/2024;FRISAJO AGRO PECUARIA INDUSTRIAL LTDA;83.796.763/0001-18;2;5;Serviços prestados;1;10;10/10/2024;Reajuste anual indice IGPM Luciele solicitou via email em 06/10 mudança vencimento para 15/mes.;990;1;1;1;1;0;0
2020/00098;2020/00098;27/03/2017;23/09/2024;H.B.FULLER BRASIL LTDA;43.829.282/0001-47;2;5;Contrato de Manutenção - Kit básico;1;10;10/10/2024;Reajuste anual indice IGPM REAJUSTE SEM ADENDO 01/09/2021 CONF. EMAIL - AGUARDA ADENDO Antiga Adecol;633,02;1;1;1;1;0;0
2024/00008;2024/00008;21/05/2024;21/05/2025;H.B.FULLER BRASIL LTDA;43.829.282/0001-47;2;5;ativação do BI;1;10;10/10/2024;Reajuste anual indice IGPM REAJUSTE SEM ADENDO 01/09/2021 CONF. EMAIL - AGUARDA ADENDO Antigo Adecol;500;1;1;1;1;0;0
2020/00060;2020/00060;22/01/2020;02/12/2021;GLOBAL ELEVADORES LTDA;06.310.147/0001-64;2;5;Contrato de serviço mensal Sigma Cloud;1;10;10/10/2024;N/D;189;1;1;1;1;0;0
2024/00014;2024/00014;06/08/2024;06/08/2025;GMT GESTAO PARTICIPACOES LTDA;44.625.782/0001-20;2;5;Serviços prestados inclusão de 2 usuarios;1;10;10/10/2024;N/D;1658;1;1;1;1;0;0
2020/00059;2020/00059;11/04/2017;01/03/2025;GONZALES, SENDESKI & CIA LTDA;03.336.687/0001-29;2;5;Contrato de Manutenção - Kit básico;1;10;10/10/2024;ADENDO ENVIADO 24/06, falta cliente retornar alterar valor e vigencia final. *Reajuste autorizado Sr. Abrahao email Tamires em 10/08/2021 ajustado antes de cliente assinar o adendo;644,08;1;1;1;1;0;0
2020/00075;2020/00075;01/03/2021;01/03/2023;GRAN TIERRA ENERGY BRASIL LTDA;11.230.625/0003-28;2;5;Sistema SIGMA PDCA SAAS;1;10;10/10/2024;Vencimento 30 dias após a emissão da NF Cobrar assinatura contrato original. Fazer e enviar adendo reajustando valor índice IPCA 19/03/2021 solicitado contrato - reajustar valor enviado contrato 24/06 falta cliente assinar, ele já está pagando (achamos um email onde cliente não queria contrato) em 04/08 Tamires entra em contato com cliente para solucionar!;1200;1;1;1;1;0;0
2020/00099;2020/00099;16/10/2020;30/12/2022;GRANJA PINHEIROS LTDA;87.702.528/0010-81;3;5;Contrato de Manutenção;1;10;10/10/2024;eduardo@granjapinheiros.com.br  Vencimento 10 de cada mês Em 10/2021 ajustar valor, fazer adendo enviar cliente. Reajuste anual indice IGPM Reajuste Tamires 30/09/2021 por email EM 22/10/2021 Tamires enviou email, não será cobrado o reajuste em 2021, continua 740 e somente nota 10/2021 ficou com o valor reajustado.;803,56;1;1;1;1;0;0
2020/00024;2020/00024;24/01/2017;10/09/2025;HI-MIX ELETRONICOS S/A;14.785.345/0001-02;2;5;Serviço Mensal  de PCM Sigma;1;10;10/10/2024;Reajuste anual indice IGPM ENVIADO ADENDO DIA  25/06- calculado por tamires e margareth  após recebimentos mudar valor e vigência final *alterei vigencia e 24/07/2019 para 31/12/2021 não estava faturando - Mari *Reajuste autorizado Sr. Abrahao email Tamires em 10/08/2021 ajustado antes de cliente assinar o adendoc * em 19/01/22 verificado que não faturava, Tamires avisou q seria cobrado valor novo mesmo sem cliente assinar adendo deste 10/08/2021;848,85;1;1;1;1;0;0
2021/00019;2021/00019;11/04/2024;11/04/2025;S.L. ADMINISTRACAO E PARTICIPACOES LTDA;11.915.507/0001-91;2;5;Serviços prestados - 01 Usuario Saas;1;10;10/10/2024;Reajuste anual índice IPCA;2381,17;1;1;1;1;0;0
2020/00019;2020/00019;18/01/2022;28/02/2025;SERVICO SOCIAL DA CONSTRUCAO CIVIL DO ESTADO DE SAO PAULO SP;61.687.356/0014-54;2;5;C.G. nº SES-PRC-2021/33125  Secretaria de Estado da Saúde;1;10;10/10/2024;ENVIAR A DECLARAÇÃO M ANEXO COM O NUMERO DA NF DP MÊS.  Não será reajustado em 2021, autorizado isenção  Tamires passou vigencia 07/02/22 antes era 17/01/2022 adendo não recebido;608,8;1;1;1;1;0;0
2020/00071;2020/00071;12/09/2022;12/09/2025;HOYA LENS BRAZIL FABRICACAO DE ARTIGOS OPTICOS LTDA;68.571.041/0001-71;3;5;minuta de contrato SIGMA SaaS:  Usuários: 01 Condição de pagamento: mensalidade Valor: 560,00 Dia de pagamento: 25 de todo mês Índice: IPCA Vigência: 36 meses;1;10;10/10/2024;Valor reajustado em 09/2020. Adendo enviado em 21/01/2021.  Reajuste anual REAJUSTE SEM ADENDO 01/09/2021 CONF. EMAIL - AGUARADA ADENDO conforme email 22/09/2021 reajustado com cliente, R$ 722,30  cancelei nota 1000 e emiti nova nota no valor de R$ 580,74;560;1;1;1;1;0;0
2023/00001;2023/00001;24/02/2023;24/02/2025;HOYA LENS BRAZIL FABRICACAO DE ARTIGOS OPTICOS LTDA;68.571.041/0001-71;2;5;Serviços prestados;1;10;10/10/2024;N/D;588,63;1;1;1;1;0;0
2021/00027;2021/00027;12/05/2021;12/05/2022;HVAC ENGENHARIA, REPRESENTACAO E COMERCIO DE MAQUINAS E EQUI;21.497.711/0001-93;2;5;Serviços prestados - 01 usuário Saas;1;10;10/10/2024;Reajuste anual - índice IPCA;235,59;1;1;1;1;0;0
2020/00011;2020/00011;07/01/2013;24/04/2023;IBEMA CIA BRASILEIRA DE PAPEL;80.228.885/0005-43;3;5;Serviço Mensal  de PCM Sigma;1;10;10/10/2024;Reajuste anual indice INPC Email em 14/01/22 Tamires Foram enviados os adendos aos clientes IBEMA E CONDOMINIO  com antecedência de 1 mês, porém não tivemos retorno, conforme realizado no ano passado vamos fazer o reajuste e colocar na NF de fevereiro. FOI INFORMADO NO EMAIL QUE FAREMOS O REAJUSTE NA PRÓXIMA NF. Fevereiro de 2.194,50 para 2437,65 mudei vigencia p 1 ano;2627,81;1;1;1;1;0;0
2020/00009;2020/00009;01/04/2019;01/03/2022;IFF ESSÊNCIAS E FRAGÂNCIAS LTDA;33.043.951/0006-01;2;5;Licenciamento SaaS SIGMA PDCA Pagamento mediante deposito bancário Banco Itaú  Ag 6383 CC 14169-1 Pedido 5500014609;1;10;10/10/2024;nao reajustar 2021;1960;1;1;1;1;0;0
2021/00013;2021/00013;01/04/2019;31/03/2022;IFF ESSENCIAS E FRAGRANCIAS LTDA;33.043.951/0001-05;2;5;Serviços prestados Pagamento mediante deposito bancário Banco Itaú Ag 6383 CC 14169-1;1;10;10/10/2024;N/D;2000;1;1;1;1;0;0
2020/00080;2020/00080;13/09/2016;23/02/2025;INDEMIL INDUSTRIAL E COMERCIO S/A;61.887.899/0001-09;2;5;Contrato de Manutenção Pagamento mediante depósito bancário Banco Itaú Agência 6383 Cc 14169-1;1;10;10/10/2024;Pagamento dias 10 ou 20 do mês                                           Emitir NF 15 dias antes do vencimento ENVIAR DECLARAÇÃO SIMPLES  ADENDO OK;928,25;1;1;1;1;0;0
2024/00012;2024/00012;05/07/2024;05/07/2025;INDUSTRIA COMERCIO PRODUTOS DE LIMPEZA GIRANDO SOL LTDA;93.973.329/0001-10;2;5;Serviços prestados- SAAS- ADICIÇÃO DE 1 USUARIO;1;10;10/10/2024;N/D;300;1;1;1;1;0;0
2020/00042;2020/00042;01/09/2010;01/09/2024;INDUSTRIA MECANICA BRASPAR;62.430.194/0001-12;2;5;Serviço Mensal  de PCM Sigma;1;10;10/10/2024;Adendo enviado em 20/02/2021 valor nf já reajustado. Cobrar adendo assinado. Reajuste 24 meses indice IGPM * alterado vigencia de 01/09/2020 para 01/09/2022 email Tamires 10/09, cliente tem vigencia de 24 meses;1005,42;1;1;1;1;0;0
2020/00016;2020/00016;20/05/2011;01/03/2023;INTECNIAL S.A.;89.432.702/0001-58;3;5;Serviço Mensal  de PCM Sigma;1;10;10/10/2024;Reajustar valor FAZER E ENVIAR adendo cliente. *Reajuste autorizado Sr. Abrahao email Tamires em 10/08/2021 ajustado antes de cliente assinar o adendo;1016;1;1;1;1;0;0
2020/00061;2020/00061;01/04/2021;01/04/2025;J C C ENGENHARIA LTDA;03.734.545/0001-10;2;5;Contrato de Manutenção Kit mensal VIP (12 meses);1;10;10/10/2024;Desconto de 50% de 04/2021 à 01/2022- em 02/01/2022 valor para 528,00 Reajuste anual indice IGPM * Em 19/01/2022 alterado para valor original conforme adendo R$ 528,00 antes R$ 264,00 * Em 26/01/22 - Tamires solicitou cancelamento da nota de R$ 528,00 que era oq estava em adendo, e continuar a cobrança até 04/2022 o valor de 264,00;649,81;1;1;1;1;0;0
2021/00029;2021/00029;11/05/2023;11/05/2025;J. CRUZ INDUSTRIA DE BEBIDAS LTDA.;04.398.251/0001-27;2;5;SIGMA - Modalidade SaaS (Software as a Service);1;10;10/10/2024;Vencimento ANUAL 06/ANO atraso = multa de 2% e juros moratórios legais ao mês.;4557,73;1;1;1;1;0;0
2022/00004;2022/00004;13/10/2022;13/10/2026;JODUAR COMERCIAL DE AR CONDICIONADO LTDA;09.513.386/0001-00;3;5;Serviços CONTRATO SAAS  depósito bancário banco bradesco ag- 3152 c/c 18739-9;1;10;10/10/2024;N/D;4500;1;1;1;1;0;0
2021/00001;2021/00001;02/10/2020;01/04/2022;LALLEMAND SOLUCOES AGROBIOLOGICAS LTDA.;07.983.734/0001-87;2;5;Contrato de Manutenção;1;10;10/10/2024;Incluir no primeiro pagamento a informação referente a ordem de compra: 8486-00 REAJUSTE EM 12 MESES ÍNDICE IGPM - 02/10/2021 * Email Tamires 10/09/2021 - Abrahão pediu para não fazer reajuste agora vamos esperar 2 meses, mudei vigencia de 01/10/2021 para 01/01/2022 *em 190122 Tamires ainda não havia confirmado novo adendo, continua faturar a 800., coloquei vigencia p 0422 p cobrar novamente;800;1;1;1;1;0;0
2020/00088;2020/00088;23/06/2021;23/06/2025;LALLEMAND SOLUÇÕES BIOLÓGICAS LTDA;27.268.763/0001-74;2;5;Contrato de Manutenção - SaaS;1;10;10/10/2024;Reajuste 24 meses indice IPCA RENOVAÇÃO SOMENTE POR MEIO DE ADITIVO CONTRATUAL Ajuste a cada 12 meses 2.8 indice IPCA Contrato valido até 23/06/2024 recebido em 06/01/2022 adendo assinado com data de 30/11/2021 - 919,00  novo valor - cobrar diferença desde 11/21 a 01/22? segundo Tamires por skype, não cobrar diferença e faturar novo valor a partir de 02/2022;2123,98;1;1;1;1;0;0
2020/00092;2020/00092;04/09/2022;04/09/2023;LATICÍNIOS CATUPIRY LTDA;61.087.367/0001-89;3;5;Serviço Mensal  de PCM Sigma;1;10;10/10/2024;ENVIADO ADENDO DIA 28/06- AGUARDAR CLIENTE ASSINAR ELE JÁ ESTÁ PAGANDO O VALOR DO REAJUSTE. Reajuste 24 meses indice IGPM cliente mudou contrato pra SAAS, geramos contrato novo pela MANUT, cancelando aqui, distrato recebido em 30/09/2021 em anexo.;4880,04;1;1;1;1;0;0
2022/00003;2022/00003;13/09/2022;13/09/2023;LATICÍNIOS CATUPIRY LTDA;61.087.367/0001-89;3;5;Serviços prestados CONTRATO SAAS ANUAL;1;10;10/10/2024;N/D;4880,04;1;1;1;1;0;0
2020/00085;2020/00085;01/05/2020;01/05/2025;LATICINIOS SAO JOAO S/A;78.269.545/0015-90;2;5;Contrato de Manutenção - Kit básico;1;10;10/10/2024;Reajuste anual indice IGPM enviado adendo dia 28/06- calculado por Tamires e Marg. *Reajuste autorizado Sr. Abrahao email Tamires em 10/08/2021 ajustado antes de cliente assinar o adendo;425,99;1;1;1;1;0;0
2024/00015;2024/00015;06/08/2024;06/08/2025;LPATSA ALIMENTACAO E TERCEIRIZACAO DE SERVICOS ADMINISTRATIV;13.530.225/0001-00;2;5;Serviços prestados-contrato SAAS 1 usuario;1;10;10/10/2024;N/D;1200;1;1;1;1;0;0
2021/00023;2021/00023;29/04/2021;29/04/2023;LUMIGER ASSISTENCIA TECNICA DE GRUPOS GERADORES LTDA.;17.667.889/0001-68;2;5;Serviços prestados - 01 (um) usuário saas;1;10;10/10/2024;N/D;1958;1;1;1;1;0;0
2020/00090;2020/00090;23/07/2020;05/08/2025;M SERVICE LTDA.;02.948.998/0001-86;2;5;Serviço Mensal  de PCM Sigma;1;10;10/10/2024;VENCIMENTO DIA 05 DO PRÓXIMO MÊS.  Reajustar em 07/2022 indice IGPM anual  Adendo recebido via email 05/08;1601,36;1;1;1;1;0;0
2020/00083;2020/00083;21/09/2009;04/10/2024;MARFRIG GLOBAL FOODS S.A.;03.853.896/0039-12;2;5;Contrato de Manutenção - Kit Mensal Vip pedido de compra 43009037;1;10;10/10/2024;Reajustar em 07/2021 indice IGPM em19/10/2021 recebemos o adendo assinado, passando para 10.200,00 o contrato, ajustei em 20/10 o reajuste deles, adendo em anexo. recebi email em 08/11 pedindo para cancelar a nota 1518 de 10.200,00 e mudar para 7.140,00 o reajuste, enviado pela Tamires, em anexo novo adendo.;7947,03;1;1;1;1;0;0
2020/00022;2020/00022;17/07/2009;24/03/2025;MCFIL INDUSTRIA E COMERCIO DE FELTROS LTDA;92.660.240/0001-30;2;5;Serviço Mensal  de PCM Sigma;1;10;10/10/2024;Reajuste anual indice IGPM;945,32;1;1;1;1;0;0
2020/00043;2020/00043;14/09/2016;12/09/2025;METALKRAFT S/A SISTEMAS AUTOMOTIVOS;77.529.584/0001-11;2;5;Serviço Mensal  de PCM Sigma;1;10;10/10/2024;Reajustado em 09/2020 Reajuste 24 meses indice IGPM * alterado vigencia de 12/09/2020 para 16/09/2022 email Tamires 10/09, cliente tem vigencia de 24 meses;892;1;1;1;1;0;0
2020/00004;2020/00004;11/10/2016;30/04/2022;METALPO IND E COM LTDA;61.032.645/0001-09;2;5;Serviço Mensal  de PCM Sigma;1;10;10/10/2024;ENVIADO CONTRATO PARA ASSINATURA 05/07 DATAS ERRADAS *REAJUSTADO PELO INDICE IPCA ABRAHÃO AUTORIZOU (Tamires) ** Mari - alterado no OMIE reajuste conforme email Tamires em 12/08/2021  - Adendo não assinado.;814,71;1;1;1;1;0;0
2020/00054;2020/00054;16/08/2011;01/09/2023;MINERAÇÃO JUNDU LTDA;60.628.468/0001-57;3;5;Contrato de Manutenção e suporte técnico SIGMA;1;10;10/10/2024;Este cliente tem o vencimento das Nfe sempre 3  semana do mês subsequente a emissão da nota fiscal Valor reajustado em 09/2020. Cobrar adendo assinado.  Reajuste anual indice IGPM REAJUSTE 01/09 SEM ADENDO ASSINADO - EAMIL;2253,06;1;1;1;1;0;0
2020/00066;2020/00066;01/01/2019;10/08/2022;MISSIATO INDUSTRIA E COMERCIO LTDA;56.925.019/0001-01;2;5;Kit básico com suporte remoto de 5 horas mensais Sistema Sigma;1;10;10/10/2024;*Reajuste autorizado Sr. Abrahao email Tamires em 10/08/2021 ajustado antes de cliente assinar o adendo 02/09/2021 clinete enviou email pedindo cancelamento Distrato em em anexo data 03/09/2021 ultima cobrança nota em setembro2021 -OK;530,78;1;1;1;1;0;0
2021/00035;2021/00035;01/06/2021;02/06/2022;MOXBA METALURGICA DO BRASIL LTDA.;13.009.445/0001-84;2;5;N/D;1;10;10/10/2024;CLIENTE NÃO FOI FATURADO 06/2021, 07/2021 E 082021  - RHANNA VAI CONFIRMAR PARA FATURAR - NÃO RECEBI TICKET PARA FATURAR ACERTADO COM CLIENTE PAGAMENTO DOS MESES EM ATRASO EM SETEMBRO RELAÇÃO DE NOTAS 062021 E 072021 NFSe 975 MES 082021 NFSe 964 . Cliente só recebe notas até 25/mes, vencimentos somente em 05/15/25 Em 07/10 editei nota, Tania passou que cliente so faz deposito, não recebe nota.;954;1;1;1;1;0;0
2020/00077;2020/00077;19/12/2014;18/12/2022;MOINHOS 05- Rio de Janeiro;88.301.155/0020-71;2;5;Serviço Mensal Contrato de PCM Sigma Requisitante: Laerte Silva;1;10;10/10/2024;ENVIADO EMAIL 05/07 SOLICITANDO ADENDO CONTRATUAL ASSINADO PEDIDO DE CANCELAMENTO EM 06/10/2021 EMAIL ADM. Faturado ainda 04/10 como multa;637,99;1;1;1;1;0;0
2020/00012;2020/00012;01/05/2012;30/09/2022;MOINHOS 14- São Luís;88.301.155/0023-14;2;5;Serviço Mensal  de PCM Sigma;1;10;10/10/2024;ENVIADO EMAIL 05/07 SOLICITANDO ADENDO. Pedido de distrato dia 11/11/2021 faturar mais 1 mes assim q recebido o distrato. CONFORME TAMIRES Skipe 25/11 não cobrar mais 1 mes;637,99;1;1;1;1;0;0
2020/00003;2020/00003;01/05/2012;30/04/2022;MOINHOS 15- Canoas;88.301.155/0001-09;2;5;Serviço Mensal de PCM Sigma;1;10;10/10/2024;Enviar planilha preenchida ao ciente. Pagamento  nas quartas -feiras  ( 3 semana do mês);637;1;1;1;1;0;0
2020/00014;2020/00014;10/08/2012;09/09/2023;MOINHOS CRUZEIRO DO SUL S A;88.301.155/0021-52;3;5;Serviço Mensal  de PCM Sigma;1;10;10/10/2024;Reajuste 24 meses indice IGPM   Inserir nos dados adicionais o vencimento 15 dias após emissão porém o vencimento tem que ser na quarta-feira. Solicitar ordem de compra ao cliente.;707,04;1;1;1;1;0;0
2020/00013;2020/00013;15/04/2013;15/09/2021;MOINHOS CRUZEIRO DO SUL S A;88.301.155/0022-33;2;5;Serviço Mensal  de PCM Sigma;1;10;10/10/2024;ENVIADO EMAIL DE ADENDO 05/07. Combinado com Tamires em 10/09/2021 via Skype que reajuste deste cliente fica para 10/2021,faturar novo valo, cliente não aceitou reajuste  12 meses colocou que são 24 meses conforme contrato em 14/09/2021 - vai pedir cancelamento. Distrato recebido em 14/09/2021 cobrança de mais 1 mes até 14/10/2021;637,99;1;1;1;1;0;0
2020/00096;2020/00096;21/03/2014;13/03/2025;MPE ENGENHARIA E SERVICOS S/A;04.743.858/0004-40;2;5;Serviço Mensal  de 08 (oito) Usuarios Saas;1;10;10/10/2024;OC.1233 Reajuste 24 meses indice IGPM - 07/2022 solicitado contrato saas assinado 02/07/2021 **alterei data de vigencia 30/07/2021 para 31/12/2021 - Omie não estava faturando - Mari *Reajuste autorizado Sr. Abrahao email Tamires em 10/08/2021 ajustado antes de cliente assinar o adendo;1698,8;1;1;1;1;0;0
2021/00024;2021/00024;20/04/2021;19/04/2022;NATURAFRIG ALIMENTOS LTDA;18.626.084/0004-81;2;5;Serviços prestados - 04 usuários Saas;1;10;10/10/2024;Reajuste anual - indice IPCA PEDIDO SUSPENSÃO 22/10/2021 - cobrar mais um mês. Dr. ALINE:  Sugiro não cobrar a multa conforme a cláusula 8.2. Temos um problema neste contrato, pois a cláusula 8.2 dispensa a multa com aviso de 30 dias e a cláusula 8.2.1 autoriza a multa. Por essa divergência do próprio contrato sugiro não fazer a cobrança da penalidade, porém pode ser cobrado o aviso prévio de 30 dias.;2290;1;1;1;1;0;0
2020/00027;2020/00027;10/11/2014;27/10/2022;NORTENE PLASTICOS LTDA;46.188.199/0001-24;3;5;Serviço Mensal  de PCM Sigma;1;10;10/10/2024;Reajuste anual indice IPCA REAJUSTE SEM ADENDO 01/09/2021 CONF. EMAIL - AGUARADA ADENDO Cliente reclamou do valor por email, nota emitida 1.594,81 dia 03/09 foi novamente reajustado para R$ 1.275,08, FALTA ADENDO ASSINADO. Nota 917 foi cancelada em 14/09 pois foi negociado o reajuste com cliente, nova nota -;1275,08;1;1;1;1;0;0
2021/00003;2021/00003;01/03/2021;25/04/2022;OCRIM S A PRODUTOS ALIMENTICIOS;61.065.199/0006-35;2;5;Serviços prestados RENOVARÁ O CONTRATO;1;10;10/10/2024;Reajuste anual indice IGPM;940;1;1;1;1;0;0
2021/00004;2021/00004;01/03/2021;25/04/2022;OCRIM S A PRODUTOS ALIMENTICIOS;61.065.199/0002-01;2;5;Serviços prestados RENOVARÁ O CONTRATO;1;10;10/10/2024;Reajuste anual indice IGPM;940;1;1;1;1;0;0
2021/00005;2021/00005;01/03/2021;25/04/2022;OCRIM S A PRODUTOS ALIMENTICIOS;61.065.199/0004-73;2;5;Serviços prestados RENOVARÁ O CONTRATO;1;10;10/10/2024;Reajuste anual indice IGPM;940;1;1;1;1;0;0
2020/00045;2020/00045;30/09/2021;30/09/2023;PANDROL INDUSTRIA E SOLUCOES FERROVIARIAS LTDA;60.775.293/0001-00;3;5;Contrato de Manutenção - Kit Mensal Vip;1;10;10/10/2024;Emitir NF em ABRIL valor contrato 551,85 - aguardando assinatura contrato enviado em 02/03/2021.  Reajuste anual indice IGPM Alterei para 31/12/2021 não farturava - Mari *Reajuste autorizado Sr. Abrahao email Tamires em 10/08/2021 ajustado antes de cliente assinar o adendo EM 30/09 Tamires teve reunião com cliente, e ficou definido que o valor seria 551,85 nota 985 não consegui cancelar, solicitei p email para Tania conceder desconto de 128,67 no boleto.;599,25;1;1;1;1;0;0
2020/00028;2020/00028;07/10/2014;07/09/2023;PARAIPABA AGROINDUSTRIAL;05.492.380/0001-42;3;5;Serviço Mensal  de PCM Sigma;1;10;10/10/2024;Valor ajustado em 09/2020. Adendo enviado em 21/01/2021. Reajuste anual indice IGPM REAJUSTE SEM ADENDO 01/09/2021 CONF. EMAIL - AGUARADA ADENDO;464,75;1;1;1;1;0;0
2021/00022;2021/00022;26/06/2023;26/06/2025;PASTIFICIO SELMI SA;46.025.722/0001-00;2;5;***4 DEPARTAMENTOS*** Correção de bug¿s e erros Suporte técnico Treinamento Web dos operadores Consultoria Tecnica  SERVICO DE ASSISTENCIA TECNICA E MANUTENCAO EM PCM - 305500 LICENCIAMENTO SIGMA PDCA / MULTIEMPRESA - 305499;1;10;10/10/2024;Reajuste anual - indice IPCA valor reajustado em negociação  pois o cliente tem contrato por 2 anos 11/07 lilian;2546,32;1;1;1;1;0;0
2023/00002;2023/00002;08/08/2023;08/08/2025;PASTIFICIO SELMI SA;46.025.722/0001-00;2;5;Serviços prestados pd: 363450;1;10;10/10/2024;alterar o valor conforme adendo;850,1;1;1;1;1;0;0
2020/00095;2020/00095;03/10/2019;02/10/2024;PGL DISTRIBUIÇÃO DE ALIMENTOS LTDA;87.397.865/0002-00;2;5;Contrato  de Manutenção Plano Básico (12meses);1;10;10/10/2024;Enviado adendo email solicitando adendo 02/07. *Reajuste autorizado Sr. Abrahao email Tamires em 10/08/2021 ajustado antes de cliente assinar o adendo;922,92;1;1;1;1;0;0
2020/00064;2020/00064;01/09/2020;03/09/2024;PHARLAB INDUSTRIA FARMACEUTICA S.A;02.501.297/0001-02;2;5;Contrato de Manutenção - Kit básico 12 Meses;1;10;10/10/2024;Reajuste anual indice IGPM REAJUSTE 01/09 SEM ADENDO ASSINADO - EAMIL Bom dia, solicito que altere o valor do contrato da pharlab R$ 504,81, conversamos hoje dia 03/09 com o cliente e ficou acordado esse valor. A NF já emitida deve ser cancelada e emitida com o valor correto.;588;1;1;1;1;0;0
2021/00036;2021/00036;09/08/2021;09/08/2023;FABRICA DE COLA POLESELLO LTDA;03.311.786/0001-56;2;5;CONTRATO - Anuidade do Contrato SaaS, 01 usuário  gestor. PAGAMENTO EM 2 PARCELAS Vencimento da primeira parcela: 08/09/2021 Vencimento da segunda parcela: 09/09/2021;1;10;10/10/2024;PGTO ANUAL 2X BOLETO;4317;1;1;1;12;0;0
2022/00005;2022/00005;14/10/2022;14/10/2026;FABRICA DE COLA POLESELLO LTDA;03.311.786/0001-56;2;5;Serviços prestados CONTRATO SAAS 1 USUÁRIO;1;10;10/10/2024;N/D;4928,56;1;1;1;1;0;0
2024/00002;2024/00002;12/01/2024;12/01/2025;FABRICA DE COLA POLESELLO LTDA;03.311.786/0001-56;2;5;ativação de segurança- sigma security;1;10;10/10/2024;N/D;2304;1;1;1;1;0;0
2020/00076;2020/00076;23/02/2018;23/09/2024;POLI ENGENHARIA LTDA;00.700.518/0001-38;2;5;Licenciamento SaaS SIGMA PDCA;1;10;10/10/2024;O pedido de compra deve constar na NF 7968 valor nf reajustado em 23/09/2020, adendo recebido. Fazer novo reajuste em Set/2021 - ok reajustado 17/08/2021 adendo anexo;1214,87;1;1;1;1;0;0
2020/00048;2020/00048;19/08/2019;05/09/2024;POLPA BRASIL DESIDRATADOS LTDA.;03.097.354/0001-94;2;5;Contrato de Manutenção Plano Master 02 usuários Saas;1;10;10/10/2024;N/D;1136,2;1;1;1;1;0;0
2024/00003;2024/00003;05/02/2024;05/02/2025;POLPA BRASIL DESIDRATADOS LTDA.;03.097.354/0001-94;2;5;ativação de segurança- sigma security valido de 05/02/2024 a 05/02/2025;1;10;10/10/2024;N/D;2304;1;1;1;1;0;0
2021/00017;2021/00017;02/03/2021;02/03/2025;PRIMATO COOPERATIVA AGROINDUSTRIAL;02.168.202/0005-04;2;5;Serviços prestados;1;10;10/10/2024;Reajuste anual indice IGPM;988,82;1;1;1;1;0;0
2024/00009;2024/00009;16/04/2024;16/04/2025;HUMAITA INDUSTRIA E COMERCIO DE ALIMENTOS LTDA;27.947.986/0002-49;2;5;Serviços prestados- sigma saas 1 usuario mensal;1;10;10/10/2024;N/D;1260;1;1;1;1;0;0
2020/00041;2020/00041;23/05/2016;16/09/2022;PUREM AUTOMOTIVE TECHNOLOGY SOROCABA LTDA;11.756.712/0001-51;2;5;Serviço Mensal  de PCM Sigma;1;10;10/10/2024;alterado vigencia de 16/09/2020 para 16/09/2022 email Tamires 10/09, cliente tem vigencia de 24 meses;753,66;1;1;1;1;0;0
2022/00002;2022/00002;29/07/2022;29/07/2025;PUREM AUTOMOTIVE TECHNOLOGY SOROCABA LTDA;11.756.712/0001-51;2;5;Serviços Contrato de manutenção 12 meses (10 horas mensais) = total no ano 120 horas ORDEM DE COMPRA: 53.090;1;10;10/10/2024;Contrato de manutenção 12 meses (10 horas mensais) = total no ano 120 horas Correção de bug¿s e erros Suporte técnico Treinamento Web dos operadores Consultoria Tecnica Atualização de Versão;1785;1;1;1;1;0;0
2021/00009;2021/00009;08/12/2021;08/12/2022;RECKITT BENCKISER ( BRASIL ) LTDA.;59.557.124/0001-15;2;5;Renovação contrato - Software Sigma Nº DO PEDIDO 21007483OW - Wilasson Felipe Nº da requisição de compra: PR635109 Condição de PGTO = Deposito  Vencimento: 08/12/2021 Depósito ITAU  AG 6383  C/C 14169-1 PIX CNPJ 24940650000185;1;10;10/10/2024;REAJUSTAR VALOR 2021 - FAZER E ENVIAR ADENDO valor Omie estava incorreto, ajustado em 09/09 após auditoria Tamires. Adendo 2020 anexo, 08/12/2020.  email Aime para faturar em 25/11/2021 e vencimento 08/12/2021. Contrato esta em nome de Microcenter Tamires passou q Abrahao autorizou e assim deixaram. FATURAR PELA MICROCENTER ANUAL;27134,41;1;1;1;1;0;0
2020/00081;2020/00081;01/01/2020;31/12/2021;REMO INDÚSTRIA E COMÉRCIO DE PLÁSTICOS LTDA;61.892.030/0001-44;2;5;Contrato de Manutenção - Kit básico;1;10;10/10/2024;OD 23982;250;1;1;1;1;0;0
2020/00002;2020/00002;10/10/2016;31/01/2025;ROCHA TERMINAIS PORTUÁRIOS E LOGISTICA S.A;81.716.144/0001-40;2;5;Contrato de Manutenção Plano Master Pagamento mediante deposito bancário  Banco Itau  Ag 6383 C/c 14169-1;1;10;10/10/2024;Adendo em 06/01/2022 Tamires - novo valor a partir de 01/02/2021 a 31/01/2023 = 1.012,46 mudar forma de cobrança - faturar dia 01 mes e vencimento 26/mes;1150,77;1;1;1;1;0;0
2020/00093;2020/00093;06/09/2016;06/11/2022;ROLDÃO AUTO SERVIÇO COMÉRCIO DE ALIMENTOS LTDA;05.800.256/0006-01;3;5;Sistema SIGMA PDCA SAAS;1;10;10/10/2024;enviado adendo 02/07 aguardando retorno. **alterei data de vigencia 06/09/2021 para 31/12/2021 - Omie não estava faturando - Mari REAJUSTE 01/09/2021 SEM ADENDO ASSINADO CONFORME EMAIL;1813,02;1;1;1;1;0;0
2020/00020;2020/00020;08/02/2021;28/02/2025;SECONCI - HRC (21);61.687.356/0021-83;2;5;Serviço Mensal  de PCM Sigma;1;10;10/10/2024;ENVIAR DECLARAÇÃO COM A DATA DA EMISSÃO DA NF  Não será reajustado em 2021, autorizado isenção. adendo não recebido;608,8;1;1;1;1;0;0
2021/00008;2021/00008;23/08/2021;23/08/2022;SEGURPRO VIGILANCIA PATRIMONIAL S.A.;25.278.459/0001-82;2;5;SISTEMA SIGMA ENTERPRISE SAAS  CONTRATO ANUAL FIXO = R$ 15.219,82 3 USUARIOS GESTORES = R$ 5.760,00 CONTRATO VIGENCIA 23/08/2021 a 23/08/2022 ORDEM DE COMPRA 280173 - LADEIRA, RENAN LELIS;1;10;10/10/2024;REAJUSTAR VALOR 08/2021- FAZER E ENVIAR ADENDO PAGAMENTO 90 DIAS APOS EMISSÃO DE NF  SEGURPRO- VALOR PASSARÁ A SER R$20.979,82 ( CONFORME FALADO COM ANGÉLICA e RENAN, ELES IRÃO CONTINUAR CONOSCO. ADENDO FOI ENVIADO E ESTÁ EM ANÁLISE NO SETOR ADMINISTRATIVO DELES, ESTOU AGUARDANDO ASSINATURA). adendo recebido em 16/09/2021 Cancelada nota 1017, pois não ocnstava ordem de compra. Enviar sempre ordem de compra e vencimentos 10/25/30 emissão sempre antes de 25/mes;20979,82;1;1;1;1;0;0
2021/00007;2021/00007;01/04/2021;30/04/2022;SERVICO MUNICIPAL DE AGUA, SANEAMENTO BASICO E INFRA-ESTRUTU;05.472.936/0001-39;2;5;Serviços prestados;1;10;10/10/2024;NF ANUAL - REAJUSTAR 04/2021;10297,53;1;1;1;1;0;0
2020/00063;2020/00063;24/07/2019;31/03/2023;Semikron Danfoss Ltda;33.020.355/0001-00;3;5;Contrato de Suporte Plano Kit Básico;1;10;10/10/2024;Vencimento sempre dia 25 de cada mes enviado email solicitando adendo assinado 02/07 **Alterei data de vigencia de 23/07/2021 a 31/12/20219 - Omie não faturava Mari * em 19/01/22 confirmado com Tamires - cobrar reajuste sem adendo;452,99;1;1;1;1;0;0
2022/00006;2022/00006;25/10/2022;25/10/2026;Semikron Danfoss Ltda;33.020.355/0001-00;2;5;Serviços Contrato SAAS quantidade de usuários: 01 usuário;1;10;10/10/2024;Contrato SAAS quantidade de usuários: 01 usuário;850;1;1;1;1;0;0
2020/00070;2020/00070;01/10/2014;30/09/2021;SHOPPING METRO BOULEVARD TATUAPÉ;10.254.617/0001-97;2;5;Contrato  de Manutenção Plano Básico (12meses);1;10;10/10/2024;Valor reajustado em 11/2020. Reajustar em 2021. Enviado adendo correio em 01/2021 não retornou. Fazer aditivo de prorrogação do contrato. Cancelamento contrato 17/03 e-mail - valido ate 15/04/2021;400,58;1;1;1;1;0;0
2020/00069;2020/00069;01/01/2019;30/10/2021;SHOPPING METRO TATUAPÉ;02.248.827/0001-44;2;5;Contrato  de Manutenção Plano Básico;1;10;10/10/2024;Valor reajustado. Reajustar 2021. Fazer aditivo de prorrogação do contrato;363,86;1;1;1;1;0;0
2021/00002;2021/00002;19/01/2021;19/01/2024;Sinergia Paulistana Construcoes e Montagens LTDA;08.390.028/0001-94;2;5;Serviços prestados;1;10;10/10/2024;Reajuste anual indice IGPM *em 19/01/22 conf vencidos, Tamires passou novo valor, será cobrado antes de assinar adendo o valor. (skype);1659;1;1;1;1;0;0
2021/00034;2021/00034;23/06/2021;23/06/2025;SONACA BRASIL LTDA;04.059.223/0003-47;2;5;CONTRATO SIGMA - AMBIENTE DESKTOP VERSÃO ENTERPRISE  5 Horas/mês - 60 horas/ano PEDIDO DE COMPRA PO 9450041976;1;10;10/10/2024;Não faturado mes 07/2021- 082021 VAMOS COBRAR A PARTE não recebi ticket faturamento;1183,67;1;1;1;1;0;0
2020/00047;2020/00047;04/07/2019;03/07/2021;SSD COMERCIO E ASSISTENCIA TECNICA EM EQUIPAMENTOS;02.667.452/0001-57;2;5;Sigma Cloud (SaaS);1;10;10/10/2024;Reajuste anual indice IPCA 07/2021 reajustar 24meses (07/2019-07/2021);153,6;1;1;1;1;0;0
2021/00010;2021/00010;19/03/2021;18/03/2022;STRUTURAL SISTEMAS - EIRELI;30.342.566/0001-62;2;5;Serviços prestados referente mensalidade Saas - 1 usuário Deposito Banco ITAU Ag 6383 conta 14169-1;1;10;10/10/2024;Reajuste anual indice IPCA;198;1;1;1;1;0;0
2020/00057;2020/00057;13/02/2020;11/03/2021;SUINOBRAS ALIMENTOS LTDA;10.834.577/0003-14;2;5;Contrato de Manutenção Plano Básico ( 12 meses);1;10;10/10/2024;Enviado adendo no dia 05/03/2021 com valor reajustado. Aguardar assinatura para atualização ( valor, validade);715;1;1;1;1;0;0
2021/00031;2021/00031;23/04/2021;23/04/2025;GCA - DISTRIBUIDORA COMERCIAL DE ALIMENTOS LTDA;77.698.017/0001-99;2;5;SIGMA SAAS ¿ 2 usuários gestores Contrato de manutenção 60 horas ano/ 5 horas mês;1;10;10/10/2024;2% de juros por atraso Variação IPCA Cancelado segundo email do dia 11/06;1616,88;1;1;1;1;0;0
2024/00004;2024/00004;21/02/2024;21/02/2025;GCA - DISTRIBUIDORA COMERCIAL DE ALIMENTOS LTDA;77.698.017/0001-99;2;5;Referente a SERVIÇOS de aumento de processamento de dados na nuvem e troca de servidor web + Serviço web de site seguro HTTPS + serviço web de dupla autenticação.  R$192,00 +R$ 940,00 = R$1.132,00 pelos serviços de proteção e aumento do processador.;1;10;10/10/2024;2% de juros por atraso Variação IPCA cancelado conforme email de 11/06;1132;1;1;1;1;0;0
2020/00086;2020/00086;23/03/2018;11/09/2024;SUPERMERCADO GUANABARA S.A.;94.846.755/0022-80;2;5;Contrato de Manutenção Plano Master;1;10;10/10/2024;Reajuste anual indice IGPM Reajuste em 11/09/2021, recebido por auditoria da Tamires. Adendo em anexo vigencia 11/09/2022.;1074,87;1;1;1;1;0;0
2020/00102;2020/00102;17/09/2020;03/07/2025;TDC DISTRIBUIDORA DE COMBUSTIVEIS S/A;01.241.994/0003-62;2;5;Serviço Mensal  de PCM Sigma;1;10;10/10/2024;Reajustar valor 2021 indice IGPM -  Adendo com alteração de horas, de 7,5 para 6 horas, em 03/07/2021, adendo em anexo. Valor reajustados mas nao veio adendo assinado 11/07/2024;733,67;1;1;1;1;0;0
2021/00032;2021/00032;19/07/2021;19/07/2025;TECPARTS DO BRASIL INDUSTRIA E COMERCIO LTDA.;05.757.520/0001-67;2;5;MENSALIDADE SIGMA - Licenciamento de Software e Prestação de Serviços Relacionados - SaaS PEDIDO- 117674;1;10;10/10/2024;Cliente tem 2 faturamentos 1 anual e 1 mensal;363,75;1;1;1;1;0;0
2021/00033;2021/00033;11/07/2023;11/07/2025;TECPARTS DO BRASIL INDUSTRIA E COMERCIO LTDA.;05.757.520/0001-67;2;5;ANUIDADE CLOUD - Licenciamento de Software e Prestação de Serviços Relacionados - SaaS - 1 USUÁRIO;1;10;10/10/2024;Cliente tem 2 faturamentos 1 anual e 1 mensal enviado adendo aguardando assinado 11-07;2455,74;1;1;1;12;0;0
2024/00010;2024/00010;28/05/2024;28/05/2025;TECPARTS DO BRASIL INDUSTRIA E COMERCIO LTDA.;05.757.520/0001-67;2;5;Atualmente possui um contrato anual de Software as a Service (SaaS) que cobre um usuário e optou por adicionar mais um usuário ao seu plano, pagamento mensalmente por este.;1;10;10/10/2024;N/D;300;1;1;1;1;0;0
2020/00032;2020/00032;11/03/2021;11/03/2025;TRACTORCOMPONENTS PEÇAS P/TRATORES E MAQS. AGRÍCOLAS LTDA;12.331.075/0001-34;2;5;Serviço Mensal  de PCM Sigma;1;10;10/10/2024;Reajuste anual  Vigência anual Reajuste anual índice IGPM;1878,46;1;1;1;1;0;0
2020/00005;2020/00005;27/09/2017;22/11/2024;TUTIPLAST INDUSTRIA E COMERCIO LTDA;84.501.873/0001-78;2;5;Licenciamento SaaS SIGMA PDCA 8 Usuarios;1;10;10/10/2024;ENVIADO ADENDO 02/07 AGUARDANDO ALTERAR DATA VIGENCIA FINAL ERA 27/03/2020 coloquei para 31/12/2021 pois não estava faturando *Reajuste autorizado Sr. Abrahao email Tamires em 10/08/2021 ajustado antes de cliente assinar o adendo Reajuste em 10/2021 adendo em anexo faturar 10/2021 - 2.737,81 em 26/112021 - adicional de usuário 160,00 passando para 2.897,81 adendo em anexo. adendo em 14/12/2021 - adendo para 3057,00 - tive que cancelar nota 1389 -Segundo tamires enviou email com adendo.....;3798,3;1;1;1;1;0;0
2020/00023;2020/00023;17/03/2021;16/03/2025;UNICASA INDUSTRIA  DE MOVEIS S/A;90.441.460/0001-48;2;5;Serviço Mensal  de PCM Sigma;1;10;10/10/2024;Reajuste anual índice IGPM;1054,68;1;1;1;1;0;0
2020/00040;2020/00040;19/06/2015;16/06/2021;UNIFERTIL UNIVERSAL FERTILIZANTES LTDA;87.249.561/0001-07;2;5;Serviço Mensal  de PCM Sigma;1;10;10/10/2024;Cancelaram o contrato por problemas financeiros. até10/01/2021;1250,46;1;1;1;1;0;0
2020/00053;2020/00053;23/04/2018;30/09/2024;VALE GRANDE IND E COM DE ALIMENTOS SA (2);06.088.741/0001-52;2;5;Contrato de Manutenção do Sistema Sigma ( Plano básico);1;10;10/10/2024;AGUARDANDO ADENDO 02/07 Reajuste anual indice IGPM **Alterei data de vigencia de 23/10/2020 a 31/12/20219 - Omie não faturava Mari REAJUSTE EM 01/09/2021 SEM ADENDO CONF EMAIL;1250,34;1;1;1;1;0;0
2020/00010;2020/00010;21/06/2018;12/01/2025;VALPASA INDUSTRIA DE PAPEL LTDA;85.155.414/0001-42;2;5;Serviço Mensal  de PCM Sigma;1;10;10/10/2024;ENVIADO EMAIL AGUARDANDO ADENDO 02/07.  Adendo recebido em 16/07/2021 renovado por 1 ano;608,8;1;1;1;1;0;0
2021/00011;2021/00011;16/03/2021;16/03/2024;VENOSAN BRASIL LTDA;02.193.012/0001-05;2;5;Serviços prestados;1;10;10/10/2024;Reajuste anual indice IGPM;1167,99;1;1;1;1;0;0
2020/00101;2020/00101;27/06/2022;27/06/2025;VIA APPIA CONCESSOES S.A.;52.538.988/0001-40;2;5;Contrato de Manutenção e suporte técnico SIGMA;1;10;10/10/2024;Pedir OC para faturar dezembro;1955,8;1;1;1;1;0;0
2020/00018;2020/00018;22/02/2013;21/09/2025;VIPRADO INDUSTRIA E COMÉRCIO DE VIDROS LTDA;94.352.903/0001-85;2;5;Serviço Mensal  de PCM Sigma;1;10;10/10/2024;Reajuste anual indice IGPM ENVIADO ADENDO AO CLIENTE FALTA ELE RETORNAR 02/07;1295,99;1;1;1;1;0;0
2021/00015;2021/00015;08/03/2021;08/03/2025;VIRTUAL INFRAESTRUTURA E ENERGIA LTDA;08.144.338/0001-29;2;5;Processamento e armazenamento de dados - Saas 3 usuários Pagto via deposito ITAU AG 6383 C/C 14169-1;1;10;10/10/2024;Reajuste anual indice IPCA;715,29;1;1;1;1;0;0
2024/00007;2024/00007;21/05/2024;21/05/2025;VIRTUAL INFRAESTRUTURA E ENERGIA LTDA;08.144.338/0001-29;2;5;ativação de segurança aprimorada Pagto via deposito ITAU AG 6383 C/C 14169-1;1;10;10/10/2024;Reajuste anual indice IPCA;192;1;1;1;1;0;0
2024/00011;2024/00011;10/06/2024;10/06/2025;VIRTUAL INFRAESTRUTURA E ENERGIA LTDA;08.144.338/0001-29;2;5;contrato de manutenção e contrato sigma;1;10;10/10/2024;N/D;3100;1;1;1;1;0;0
2020/00089;2020/00089;20/07/2020;18/08/2022;VULCAFLEX INDUSTRIA E COMERCIO LTDA;38.619.045/0001-11;2;5;Contrato de manutenção PCM SIGMA PDCA;1;10;10/10/2024;Reajustar VALOR em 07/2021 indice IGPM **alterei data de vigencia 19/07/2021 para 31/12/2021 - Omie não estava faturando - Mari Adendo recebido em 18/08 de 500 para 525 - alterado, anexado;525;1;1;1;1;0;0
2020/00036;2020/00036;05/12/2016;20/07/2024;ZF AUTOMOTIVE BRASIL LTDA.;60.857.349/0029-77;2;5;Contrato de Manutenção;1;10;10/10/2024;ENVIADO ADENDO 02/07 AGUARDANDO RETORNO MUDAR DADOS Reajuste anual indice IGPM ADENDO AJUSTADO EM 20/07/2021 PARA 884,34.;1028,09;1;1;1;1;0;0
2020/00049;2020/00049;18/09/2013;31/12/2021;ZODIAC-PRODUTOS FARMACEUTICOS S.A.;55.980.684/0001-27;2;5;Contrato de Manutenção - Kit básico;1;10;10/10/2024;ENVIADO REAJUSTE 02/07 ESPERANDO RETORNO, MUDAR DADOS **Alterei data de vigencia de 18/03/2016 a 31/12/20219 - Omie não faturava Mari - dia 10/08/20201 cliente solicitou cancelamento por email para SR Abrahao - dia 24/08/2021  Abrahao enviou Whats informando que último faturamento é de agosto e o mesmo deve ser cancelado no sistema.  WHATS: Pessoal, a zodiac cancelou o contrato conosco. Assim sendo a cobrança que foi é a última a ser cobrada. Não emitam mais cobrança e informem no sistema que eles não possuem mais contrato. Nem poderão ter suporte. Ok;350;1;1;1;1;0;0
